1,8.05,60.21,2023-05-26T18:34:43,9
2,3.18,62.24,2023-05-26T20:34:43,4
3,18.40,65.28,2023-05-26T17:34:43,5
4,38.42,48.22,2023-05-26T19:34:43,1
5,38.44,38.22,2023-05-26T16:34:43,8
6,38.41,28.22,2023-05-26T17:34:43,7
7,20.17,99.75,2024-05-23T20:36,3
8,20.82,10.27,2024-01-26T14:27:34,2
9,26.34,74.02,2023-09-04T00:34:18,3
10,39.76,1.38,2023-07-20T06:56:55,1
11,11.91,62.18,2023-11-11T07:41:15,4
12,43.01,85.17,2023-09-25T08:18:12,4
13,36.24,69.07,2023-08-16T02:40:30,1
14,-7.12,96.89,2023-11-03T20:40:18,8
15,49.07,16.54,2023-09-03T17:24:30,6
16,24.94,64.08,2024-05-28T15:44:01,10
17,39.99,72.35,2024-03-09T20:44:54,2
18,-19.88,91.64,2024-02-27T05:22:51,2
19,33.24,49.16,2024-05-02T22:40:09,7
20,35.18,57.58,2023-10-21T15:28:06,7
21,39.81,7.8,2024-05-26T01:15:56,3
22,10.42,32.3,2023-06-12T18:40:40,4
23,10.3,52.27,2024-05-24T21:16:57,5
24,23.27,55.16,2024-02-18T07:10:53,8
25,-8.22,31.01,2023-09-21T06:07:54,9
26,-9.32,28.37,2024-05-22T19:45:44,4
27,48.89,44.97,2024-04-14T08:33:04,6
28,-5.49,7.08,2023-07-26T08:13:08,4
29,32.98,47.18,2023-05-14T14:05:31,2
30,28.07,20.41,2023-05-27T03:36:16,7
31,31.37,0.53,2024-02-18T06:07:37,2
32,41.12,78.35,2023-10-21T01:44:49,10
33,38.32,90.86,2023-11-15T06:06:14,3
34,30.26,62.64,2024-05-19T12:10:57,6
35,39.96,21.35,2023-08-05T12:35:34,3
36,40.02,62.93,2024-01-06T05:21:14,7
37,-10.52,93.3,2024-01-14T09:55:56,8
38,8.76,36.41,2023-05-21T11:28:45,10
39,13.84,73.82,2023-08-15T19:13:57,10
40,-5.52,28.17,2023-08-18T17:24:40,8
41,30.05,68.39,2023-06-02T04:25:38,4
42,35.59,31.76,2023-08-05T22:03:22,2
43,16.34,73.43,2023-08-12T04:49:53,1
44,28.76,36.68,2023-07-23T19:51:01,10
45,35.71,70.1,2023-07-30T07:49:04,4
46,43.17,97.19,2023-10-26T18:26:51,9
47,16.4,9.92,2024-03-13T12:21:54,9
48,9.44,80.01,2024-02-19T15:13:01,6
49,18.96,55.92,2023-05-07T18:23:02,9
50,7.16,67.73,2023-06-09T16:58:04,3
51,27.97,81.4,2023-09-04T17:37,10
52,26.58,87.4,2023-06-09T00:43:21,10
53,8.15,46.55,2023-04-27T14:58:14,4
54,-19.11,94.23,2024-03-15T13:55:29,3
55,-16.23,64.94,2024-02-25T02:31:13,1
56,3.36,14.82,2024-01-26T02:13:52,10
57,-18.22,33.53,2024-05-26T18:53:36,7
58,-12.25,44.58,2024-04-05T19:47:51,4
59,-16.41,98.26,2023-04-21T12:13:26,6
60,46.65,29.73,2023-11-28T14:22:42,5
61,30.72,67.46,2023-08-06T06:57:05,8
62,48.58,31.83,2024-01-28T07:54:57,10
63,-4.85,1.35,2023-04-21T21:11:09,5
64,18.87,95.72,2024-03-15T18:52:35,5
65,5.75,20.99,2024-02-10T19:42:54,3
66,16.0,32.99,2024-01-25T13:24,4
67,34.55,46.3,2023-08-23T03:19:14,10
68,-1.31,46.39,2023-06-30T05:29:28,4
69,45.23,85.71,2023-04-06T13:49:37,3
70,37.13,69.05,2023-08-10T08:24:44,10
71,19.02,73.5,2023-05-14T15:22:07,5
72,20.06,52.16,2023-12-07T05:50:46,5
73,-9.8,89.41,2023-11-27T11:48:02,2
74,3.48,82.27,2023-04-26T02:42:34,2
75,10.53,31.18,2023-11-30T16:21:02,10
76,43.3,50.93,2023-07-14T07:20:17,1
77,24.3,9.24,2023-06-23T02:58:22,6
78,32.82,91.63,2024-04-23T10:57:19,1
79,7.41,5.34,2023-06-10T03:53:28,6
80,-16.45,93.25,2023-10-01T20:13:03,4
81,-10.28,37.16,2024-01-14T02:51:25,3
82,24.52,0.68,2023-05-05T17:29:55,10
83,-4.54,48.96,2023-07-01T07:42:48,9
84,15.07,5.94,2024-04-01T05:34:05,4
85,29.24,96.72,2023-10-13T19:03:54,3
86,-18.41,89.28,2024-03-26T20:02:27,2
87,39.8,4.47,2024-02-20T18:49:26,5
88,41.93,7.47,2024-02-03T09:47:37,5
89,42.52,64.12,2023-12-14T20:07:12,9
90,30.16,37.5,2024-02-08T07:47:39,6
91,3.97,27.91,2023-11-14T07:03:42,4
92,-10.65,42.68,2024-02-10T12:25:20,9
93,31.99,32.18,2024-03-20T08:09:53,8
94,-14.93,87.66,2023-09-28T15:01:07,6
95,33.61,48.3,2023-09-19T15:37:39,7
96,-19.46,59.66,2023-07-14T00:38:20,5
97,22.24,21.97,2023-09-10T17:13:52,7
98,16.77,79.3,2024-02-27T17:36:19,8
99,4.26,64.9,2023-09-19T00:25:07,1
100,32.18,98.45,2024-02-27T01:37:40,5
101,22.35,86.52,2024-01-26T06:14:29,6
102,-7.41,16.83,2023-08-07T01:33:20,8
103,-0.79,7.86,2023-11-13T15:48:14,7
104,21.85,92.81,2024-05-11T19:17:22,5
105,25.36,27.25,2023-04-15T14:45:42,2
106,14.6,42.26,2023-08-09T17:41:49,5
107,11.65,49.17,2023-08-03T05:13:08,1
108,33.63,52.66,2023-04-13T07:26:01,1
109,8.02,39.32,2023-07-20T16:22:50,5
110,28.79,3.73,2023-07-31T06:36:19,2
111,6.3,26.8,2024-03-07T21:01:49,2
112,-0.08,86.47,2023-12-15T22:20:51,4
113,29.95,32.36,2024-05-21T20:39:20,2
114,45.26,28.84,2024-03-05T18:44:03,8
115,7.67,63.71,2023-12-10T07:40:26,7
116,-17.05,42.54,2023-08-28T06:50:36,1
117,12.71,21.41,2023-08-05T11:16:06,5
118,-18.1,37.26,2023-07-08T11:58:11,5
119,1.48,44.57,2024-05-06T17:42:35,7
120,3.31,37.25,2023-06-07T06:05:17,1
121,5.51,59.81,2024-04-23T01:37:23,10
122,-18.58,82.44,2023-04-16T00:26:15,1
123,41.09,28.18,2024-01-06T12:41:49,5
124,25.61,50.0,2023-08-31T22:23:04,4
125,7.06,69.47,2023-09-18T20:15:45,10
126,3.52,42.53,2024-03-17T05:35:17,3
127,-19.29,2.26,2023-12-12T04:08:46,4
128,33.0,62.07,2024-03-27T08:37:01,3
129,42.41,12.48,2024-05-11T01:09:57,1
130,39.01,27.31,2024-02-03T15:52:17,4
131,11.16,64.1,2024-04-29T12:15:01,5
132,47.58,68.87,2023-06-20T20:37:49,8
133,39.41,49.13,2023-06-09T09:37:43,9
134,33.03,6.63,2023-08-22T19:40:11,6
135,-6.41,82.3,2023-11-22T22:01:06,9
136,-0.39,80.9,2023-04-15T03:30:46,1
137,-17.42,83.36,2023-09-09T18:00:30,6
138,6.43,26.24,2023-11-06T00:45:44,8
139,34.22,48.66,2023-06-13T08:31:32,10
140,-14.16,75.62,2023-12-12T01:57:43,9
141,12.03,32.53,2024-05-08T11:58:14,5
142,20.5,16.29,2023-07-18T22:29:15,9
143,3.27,32.41,2024-04-02T09:16:44,9
144,9.81,81.89,2024-05-14T03:00:38,6
145,33.63,36.38,2023-07-25T06:12:19,5
146,-19.65,41.33,2023-10-05T05:51:27,4
147,38.66,81.26,2024-05-20T22:37:50,5
148,6.84,66.16,2024-04-30T06:20,9
149,13.28,0.94,2023-09-04T17:04:30,6
150,20.86,45.31,2023-04-28T09:26:56,7
151,-2.34,48.85,2024-03-05T05:41:07,7
152,30.87,20.34,2024-03-25T07:07:55,10
153,41.84,56.36,2024-05-13T09:39:39,7
154,-16.0,47.77,2024-04-21T02:57:57,8
155,40.53,74.97,2023-04-27T08:24:50,3
156,11.22,18.22,2023-05-25T22:04:24,6
157,-19.91,5.57,2024-02-12T10:14:42,8
158,41.91,29.65,2024-05-16T06:33:06,10
159,-7.61,80.29,2024-05-15T21:13:52,10
160,14.27,42.93,2023-05-29T17:39:06,5
161,22.28,51.67,2023-06-19T13:08:15,10
162,-18.5,66.44,2024-04-07T06:20,9
163,17.89,47.07,2023-06-11T15:55:33,6
164,12.39,61.83,2024-05-20T03:52:31,1
165,41.48,78.82,2023-06-07T21:18:44,3
166,9.69,48.23,2023-11-29T22:50:28,10
167,40.58,27.77,2023-12-18T08:36:52,4
168,28.16,19.05,2024-05-26T03:20:26,8
169,-3.1,58.78,2024-05-19T14:22:48,9
170,-14.74,18.07,2023-11-06T00:17:01,1
171,-10.57,17.64,2024-03-29T17:28:39,6
172,2.65,38.41,2023-10-03T09:48:22,2
173,-5.91,40.28,2023-08-20T12:53:52,8
174,6.95,31.44,2024-05-14T06:54:55,10
175,-9.12,92.85,2024-02-08T14:16:02,3
176,11.51,37.04,2023-05-23T10:49:17,7
177,47.15,24.76,2023-10-28T07:12:36,2
178,-18.93,43.19,2023-11-28T12:15:16,1
179,-10.35,27.72,2024-05-21T16:05:58,5
180,4.03,56.33,2023-05-21T18:30:55,2
181,14.01,0.3,2024-03-05T07:02:10,8
182,21.32,57.45,2024-04-16T15:39:37,5
183,34.14,44.48,2023-10-25T20:41:19,8
184,27.32,39.13,2023-06-30T21:46:03,8
185,4.58,27.2,2023-09-13T19:14:16,2
186,-2.86,58.14,2024-02-17T11:48:04,3
187,49.15,1.45,2023-09-25T15:10:17,8
188,2.26,29.71,2023-12-23T18:21:15,4
189,-11.07,1.02,2023-04-01T05:54:15,9
190,-6.86,60.76,2023-11-05T00:27:02,2
191,19.59,83.16,2023-12-27T07:47:17,3
192,17.78,56.08,2023-11-30T11:23:06,10
193,12.34,74.37,2023-11-24T08:25:35,10
194,34.21,55.7,2023-12-14T10:19:08,4
195,6.02,61.52,2023-04-09T15:40:57,3
196,-10.19,60.64,2023-10-25T19:10:05,10
197,-3.85,86.29,2023-11-12T10:01,4
198,16.53,62.31,2023-04-10T14:32:55,9
199,20.23,49.04,2024-01-31T07:06:44,7
200,38.64,16.52,2024-03-25T20:40:30,5
201,-4.79,13.98,2023-04-13T08:19:38,7
202,42.07,97.54,2023-11-15T08:02:17,1
203,34.96,77.41,2023-11-17T12:37:17,10
204,-7.62,95.64,2024-03-28T05:24:20,6
205,-17.06,73.39,2024-03-09T20:53:08,10
206,36.34,50.81,2023-06-25T17:51:33,5
207,12.68,60.63,2023-09-21T19:29:48,9
208,-2.21,11.86,2023-08-23T01:22:04,1
209,40.12,39.11,2023-10-16T12:22:52,1
210,27.84,28.3,2023-12-16T19:05:45,3
211,33.08,44.66,2023-06-30T19:15:39,7
212,45.37,78.29,2023-08-14T00:21:51,4
213,33.74,35.81,2024-05-19T04:31:29,9
214,18.57,53.53,2024-03-09T03:39:36,4
215,22.84,0.39,2023-04-26T16:02:13,8
216,45.2,94.66,2023-09-26T12:51:08,6
217,40.25,45.24,2023-10-01T09:01:38,10
218,21.51,85.29,2023-12-26T08:38:53,1
219,0.8,12.83,2023-04-07T22:01:41,7
220,19.74,99.5,2024-05-19T12:34:03,8
221,39.2,60.89,2024-04-29T02:48:57,8
222,13.92,48.73,2024-02-24T12:14:35,1
223,30.48,90.04,2024-04-10T11:08:30,7
224,30.27,82.09,2023-07-04T17:53:16,3
225,22.35,72.15,2023-04-04T22:38:27,7
226,-19.94,42.25,2023-06-30T11:57:07,3
227,16.8,69.93,2023-04-15T02:07:11,9
228,-7.9,6.01,2024-02-13T20:31:41,4
229,14.52,22.73,2023-07-14T22:45:08,8
230,49.23,63.14,2023-10-20T22:52:56,7
231,47.98,43.28,2024-02-23T01:48:46,4
232,36.32,16.66,2023-07-16T15:51:37,1
233,31.94,95.29,2024-01-30T09:52:07,5
234,-11.25,85.73,2023-06-20T16:17:25,9
235,43.59,44.78,2023-08-16T19:23:20,4
236,-8.84,0.71,2023-11-30T20:15:49,5
237,41.54,56.08,2024-02-02T14:25,2
238,2.46,65.05,2023-08-20T04:57:58,9
239,36.45,89.83,2023-12-09T01:13:53,9
240,-9.3,83.61,2024-02-26T19:48:28,9
241,11.31,46.88,2023-07-21T01:18:12,5
242,-9.28,63.98,2023-11-21T13:51:36,6
243,7.98,73.67,2024-04-29T18:36:47,5
244,49.59,54.29,2024-02-02T11:37:24,10
245,-18.49,41.22,2023-08-03T07:39:26,9
246,-19.84,5.34,2023-08-27T20:35:07,10
247,40.97,58.66,2023-08-28T12:23:28,1
248,29.09,1.35,2024-01-30T08:36:41,1
249,14.64,20.77,2024-05-25T19:08:44,2
250,5.82,53.47,2023-09-12T22:25:09,9
251,-6.69,40.52,2024-01-17T12:37:21,2
252,40.76,96.05,2023-12-01T11:21:22,1
253,30.0,41.22,2024-02-05T01:01:17,4
254,2.48,18.15,2023-10-21T04:12:33,9
255,33.66,14.08,2023-04-16T02:54:51,1
256,-10.48,22.34,2023-06-26T05:48:37,1
257,35.67,32.29,2023-04-02T05:55:04,7
258,45.14,52.72,2023-08-07T22:52:28,10
259,-13.01,54.15,2023-12-31T16:00:16,9
260,-13.5,76.88,2023-09-11T18:39:03,2
261,25.33,24.75,2023-06-25T16:46:19,4
262,5.13,86.05,2023-08-03T13:13:02,9
263,13.61,96.23,2024-03-20T03:08:05,7
264,5.45,27.76,2023-04-05T00:13:55,8
265,38.57,42.16,2023-04-19T01:37:02,3
266,-4.96,34.47,2024-04-02T19:08:50,3
267,-1.95,23.95,2024-05-26T07:44:45,5
268,35.01,35.04,2023-06-21T22:44:22,4
269,18.03,51.8,2024-03-29T10:37:08,1
270,46.87,80.58,2023-05-21T17:31:08,4
271,-0.85,7.65,2023-05-01T03:54:33,8
272,42.52,60.25,2023-08-06T02:14:22,9
273,26.84,94.2,2024-01-20T21:40:14,4
274,10.41,13.2,2023-09-02T11:22:20,8
275,5.5,61.79,2023-07-02T06:40:56,5
276,25.59,69.6,2023-12-09T21:08,3
277,26.54,53.55,2023-04-16T15:27:03,2
278,-16.46,73.68,2023-09-19T14:26:48,10
279,13.09,54.35,2024-02-11T12:11:44,5
280,40.96,71.71,2023-11-18T05:21:23,7
281,-1.85,17.27,2023-10-18T08:29:56,4
282,14.47,87.2,2023-12-28T12:01:27,1
283,29.97,21.63,2024-03-07T18:18:23,5
284,-17.52,19.14,2023-06-14T08:26:28,3
285,35.46,23.66,2023-08-11T16:34:37,7
286,5.92,42.76,2023-04-19T06:15:42,6
287,15.47,58.24,2024-04-27T15:42:16,7
288,25.95,50.1,2024-02-14T05:27:11,8
289,20.67,4.07,2024-05-01T22:03:41,5
290,-12.52,92.1,2024-03-08T18:16:27,8
291,-16.51,58.59,2024-04-28T05:08:55,10
292,42.47,19.37,2024-01-28T20:26:03,3
293,-4.79,59.73,2023-09-11T08:00:54,8
294,44.32,54.28,2023-10-22T00:54:22,8
295,0.38,0.04,2023-12-02T02:55:13,8
296,45.64,72.52,2023-04-07T14:47:27,8
297,-17.35,19.53,2024-03-30T09:10:50,8
298,29.49,94.92,2023-08-12T15:04:20,10
299,5.42,21.18,2024-01-09T08:15:41,10
300,15.99,8.8,2023-07-30T10:19:44,1
301,46.93,97.62,2023-05-05T10:44:56,9
302,33.27,55.83,2023-10-20T19:55:45,4
303,41.66,22.36,2023-08-17T06:40:24,8
304,16.24,68.96,2024-02-10T18:52:18,3
305,2.9,76.49,2023-12-31T15:34:45,6
306,8.41,71.27,2024-05-01T16:44:10,9
307,8.63,28.48,2023-11-11T18:06:58,2
308,-10.53,75.53,2024-02-25T03:25:46,1
309,35.3,63.58,2023-06-21T18:20:13,7
310,16.97,45.53,2023-11-18T12:55:27,2
311,20.38,37.72,2023-08-14T02:09:07,2
312,4.01,82.41,2023-07-07T15:27:28,1
313,21.39,5.2,2024-03-04T00:14:04,6
314,34.95,2.34,2023-09-05T15:43:14,5
315,21.47,84.52,2023-12-04T19:54:03,2
316,10.23,47.44,2024-04-25T05:58:23,6
317,37.26,48.65,2023-05-06T06:53:34,3
318,15.64,31.98,2023-07-18T13:24:32,4
319,-16.45,12.09,2023-04-02T17:34:21,5
320,-10.03,34.37,2024-04-23T13:26:24,9
321,6.04,66.13,2023-06-16T12:07:14,6
322,-1.82,60.65,2023-08-09T13:05:58,8
323,20.41,69.87,2023-12-04T19:33:28,6
324,2.75,95.01,2023-07-30T06:37:50,10
325,3.24,3.26,2023-06-08T12:31:17,9
326,-12.37,56.55,2024-02-15T17:22:50,5
327,-7.89,75.88,2024-02-06T10:15:44,10
328,-10.37,62.61,2023-04-26T10:33:35,7
329,-0.38,93.89,2023-08-22T13:35:46,3
330,17.76,94.34,2023-04-08T11:45:54,2
331,39.72,7.39,2023-05-19T06:16:51,4
332,28.02,94.01,2023-09-30T20:44:58,3
333,48.86,99.02,2024-02-09T02:48:09,9
334,43.76,38.57,2023-08-20T01:12:25,9
335,44.16,18.52,2024-05-27T02:58:37,5
336,38.0,13.21,2023-07-10T16:51:05,1
337,46.78,91.26,2023-08-25T21:14:19,3
338,44.16,52.77,2023-12-05T08:54:55,1
339,29.65,76.7,2023-09-27T16:53:07,9
340,14.83,42.2,2023-11-06T16:45:41,8
341,5.02,3.04,2023-08-07T01:46:36,8
342,27.86,34.8,2023-04-02T01:42:04,6
343,43.65,38.37,2023-08-25T21:10:52,5
344,-1.83,60.32,2023-10-09T08:28:25,2
345,20.35,41.73,2023-07-21T17:25:35,7
346,-11.78,77.84,2023-05-05T19:23:38,9
347,47.78,8.68,2023-06-03T13:24:14,4
348,21.05,0.8,2024-01-12T00:01:01,3
349,-2.87,81.72,2024-02-19T19:32:31,10
350,36.95,15.74,2024-01-10T15:25:25,2
351,43.63,12.61,2023-08-14T15:57:43,4
352,-3.49,77.76,2023-10-06T08:19:58,9
353,31.91,37.39,2024-04-10T18:13:08,3
354,3.6,79.43,2024-05-09T02:36:38,1
355,45.29,46.36,2024-04-28T03:54:47,8
356,49.72,38.0,2023-04-22T12:57:04,5
357,25.38,63.93,2023-08-18T11:25:58,1
358,9.51,79.69,2024-02-18T03:20:09,4
359,47.45,9.57,2023-08-18T18:20:12,8
360,-6.41,87.01,2024-03-30T12:33:53,10
361,-12.58,61.84,2024-02-20T08:27:14,8
362,11.26,98.13,2024-04-21T01:13:02,7
363,45.55,57.71,2024-04-16T15:26:19,3
364,27.29,35.24,2023-08-28T22:43:45,6
365,-6.34,45.74,2024-01-25T11:26:18,10
366,16.23,89.22,2024-02-25T03:52:39,10
367,-4.78,61.15,2024-04-27T20:47:25,10
368,-2.09,30.58,2023-07-01T00:56:46,2
369,-3.5,41.18,2023-05-16T17:55:12,4
370,-1.76,86.96,2023-12-17T06:11:24,3
371,-13.02,14.5,2024-02-13T22:02:05,3
372,-14.08,34.17,2024-01-06T07:10:57,1
373,-14.97,26.88,2023-12-10T18:15:57,2
374,37.57,11.63,2023-10-09T09:46:04,3
375,-6.14,91.02,2023-10-19T07:21:36,7
376,11.38,34.52,2024-03-10T17:37:53,4
377,37.36,18.74,2023-09-29T04:04:13,4
378,22.84,0.92,2023-06-13T22:28:01,9
379,16.51,95.63,2023-08-20T07:20:18,4
380,-16.88,45.8,2023-08-20T02:07:39,5
381,-0.07,16.38,2024-03-22T09:14:29,10
382,7.3,50.41,2023-07-17T22:53:57,4
383,-18.41,72.97,2023-04-11T12:52:36,6
384,13.83,62.11,2023-07-26T09:38:48,10
385,33.64,65.54,2024-05-02T04:33:21,9
386,38.04,86.8,2024-04-19T06:12:12,4
387,-6.35,17.21,2024-05-23T09:13:49,5
388,14.22,28.06,2023-08-19T03:22:24,8
389,-6.34,34.96,2023-05-18T22:52:06,7
390,15.82,64.97,2023-07-24T21:26:08,9
391,-2.26,17.28,2023-04-30T14:44:13,10
392,42.59,64.54,2024-05-14T10:33:11,6
393,25.41,31.63,2024-05-27T17:45:25,2
394,-14.63,70.02,2023-09-12T22:01:02,1
395,5.09,37.61,2024-03-20T09:25:14,6
396,12.91,27.81,2024-02-23T07:43:56,6
397,35.11,3.99,2024-05-13T20:58:50,5
398,33.59,71.86,2023-08-21T15:09:31,9
399,33.76,92.64,2023-11-19T08:43:42,4
400,-5.15,62.89,2024-02-19T04:46:39,7
401,47.06,9.41,2024-02-13T14:06:40,6
402,2.14,59.61,2023-12-14T16:12:42,5
403,8.53,57.66,2023-10-24T15:15:36,3
404,-7.65,55.0,2023-11-02T14:54:40,1
405,25.28,56.35,2024-04-10T02:26:36,6
406,0.81,58.85,2023-07-20T16:06:58,4
407,-0.61,86.37,2023-11-17T19:21:20,8
408,26.04,82.34,2024-02-05T18:26:56,7
409,45.32,32.89,2023-08-02T11:19:39,4
410,31.94,97.29,2023-10-15T18:34:22,3
411,1.71,60.67,2023-06-22T20:43:08,7
412,22.12,82.17,2023-10-02T07:26:41,9
413,28.69,66.64,2023-10-23T20:05:08,8
414,49.0,4.17,2023-11-11T11:24:35,1
415,31.93,61.11,2023-04-04T06:12:36,3
416,19.84,89.3,2023-07-09T07:11:13,10
417,-5.15,89.71,2024-04-07T04:40:48,1
418,12.92,29.35,2023-07-25T06:15:09,6
419,39.36,5.47,2023-12-29T21:42:05,2
420,25.44,34.79,2023-06-21T19:36:20,7
421,46.09,32.46,2023-06-05T13:24:50,3
422,-19.99,6.45,2024-04-06T19:58:36,9
423,8.67,3.47,2023-12-27T11:52:52,7
424,6.17,39.46,2024-03-19T10:50:48,6
425,-16.3,94.21,2023-04-10T21:24:17,4
426,-3.26,89.18,2024-01-07T04:53:48,8
427,31.09,42.66,2024-04-07T09:55:12,3
428,-3.37,30.84,2023-06-05T12:05:23,8
429,30.95,57.55,2023-12-28T09:57:14,3
430,-5.34,49.62,2023-06-02T12:09:16,3
431,0.54,40.66,2023-06-14T22:39:05,10
432,-18.9,24.89,2023-11-24T01:07:43,7
433,37.77,24.51,2023-09-16T05:45:25,3
434,43.5,99.18,2023-06-20T20:58:11,9
435,41.27,2.64,2023-06-14T12:07:14,5
436,-3.76,10.35,2023-04-13T12:06:41,9
437,12.33,54.04,2024-04-02T07:37:08,5
438,-8.74,37.4,2023-04-11T03:34:04,5
439,-11.79,34.38,2024-05-12T00:00:04,7
440,-1.5,79.31,2024-02-01T08:41:22,5
441,48.03,59.9,2023-07-29T08:54:38,3
442,29.47,64.97,2023-12-25T19:05:14,5
443,48.37,3.33,2023-08-23T10:15:19,2
444,24.03,54.89,2024-04-02T01:50:33,8
445,-7.37,90.76,2023-09-05T17:07:04,4
446,-3.6,58.82,2024-05-06T12:03:22,1
447,5.41,49.5,2023-10-29T00:27:49,10
448,37.54,59.35,2024-03-29T16:24:27,1
449,23.39,36.66,2024-01-09T01:02:53,1
450,34.15,77.61,2023-09-03T14:33:36,9
451,39.16,40.47,2023-10-30T16:02:33,5
452,49.3,53.05,2024-02-18T09:52:09,6
453,-17.31,88.92,2023-04-17T02:30:27,8
454,3.4,20.55,2023-07-02T06:00:07,1
455,-11.65,7.14,2023-06-04T10:39:21,8
456,38.6,89.14,2023-06-18T15:15:12,5
457,29.06,70.85,2023-04-20T17:40:39,5
458,9.91,3.3,2023-10-08T06:40:46,7
459,44.87,59.77,2023-09-29T00:54:32,6
460,4.0,41.72,2023-10-04T08:20:07,4
461,-4.79,12.17,2024-03-20T05:37:23,6
462,0.05,72.13,2024-02-05T22:34:18,1
463,27.78,80.95,2023-10-27T10:24:57,7
464,47.96,69.35,2024-05-04T01:35:12,4
465,-15.43,21.89,2023-12-05T02:15:16,7
466,12.06,36.9,2023-12-06T05:22:16,5
467,25.36,93.64,2023-05-10T13:14:10,5
468,41.25,44.79,2024-02-18T07:35:49,2
469,40.42,83.66,2024-02-01T14:27:27,1
470,-4.25,92.29,2024-02-14T14:10:27,5
471,15.03,13.65,2024-04-04T13:02:36,2
472,-14.37,88.29,2023-05-11T07:38:26,10
473,2.08,42.98,2023-11-30T10:56:12,10
474,36.71,93.05,2024-01-31T02:10:43,5
475,28.42,2.81,2023-09-17T01:31:51,6
476,35.48,19.33,2024-04-07T15:27:52,9
477,44.98,75.04,2023-04-01T06:03:27,9
478,44.21,53.04,2024-03-06T18:09:07,3
479,-2.93,51.19,2023-08-26T18:34:10,6
480,26.76,1.61,2024-01-03T10:16:26,9
481,5.18,79.82,2023-06-24T15:44:22,7
482,26.91,31.2,2023-08-28T00:41:28,2
483,-9.83,77.2,2024-02-04T10:42:48,1
484,-18.16,51.19,2024-04-22T12:00:13,1
485,11.97,68.26,2023-06-20T03:26:18,10
486,-4.98,63.64,2023-12-28T16:29:08,5
487,25.37,18.52,2023-07-21T01:29:47,4
488,37.33,35.96,2023-09-01T17:32:41,9
489,29.16,16.11,2024-05-27T19:12:38,10
490,-0.02,53.25,2024-01-11T00:11:04,3
491,10.33,60.14,2023-11-14T10:03:04,7
492,15.69,88.41,2023-10-10T09:49:33,6
493,-4.83,96.53,2023-04-04T14:50:24,2
494,6.15,17.93,2023-07-06T16:36:27,5
495,33.39,11.7,2023-04-26T14:51:08,1
496,25.85,9.74,2023-07-04T18:28:25,2
497,41.08,36.45,2023-05-14T16:00:10,3
498,41.69,10.49,2023-05-24T02:42:51,3
499,42.74,10.81,2023-07-23T11:53:39,3
500,21.81,32.53,2023-08-03T08:12:08,7
501,-15.17,95.76,2024-05-13T15:49,3
502,-1.92,92.16,2023-12-24T01:20:23,3
503,13.22,12.9,2024-02-03T19:18:33,8
504,-15.84,48.66,2023-11-22T08:23:45,1
505,33.48,74.92,2023-10-02T21:48:11,3
506,33.01,45.46,2024-03-03T14:56:48,3
507,10.85,32.78,2024-04-21T07:42:50,6
508,9.26,96.65,2023-04-11T03:16:03,2
509,33.92,78.19,2023-07-18T20:12:44,6
510,49.57,31.27,2024-05-20T15:12:45,1
511,29.3,81.4,2024-03-05T11:08:53,2
512,-12.29,15.4,2023-10-04T14:11:44,9
513,2.62,31.43,2023-08-29T16:40:25,2
514,3.97,30.5,2023-06-22T22:52:44,9
515,46.79,11.85,2024-05-23T16:44:17,8
516,16.11,17.18,2023-10-06T07:35:31,5
517,41.78,32.21,2023-05-24T08:17:17,6
518,24.9,78.07,2024-02-19T19:03:33,10
519,40.87,48.47,2024-03-19T20:26:30,6
520,-5.31,53.76,2024-04-09T08:48:30,2
521,37.53,80.37,2024-05-24T15:56:17,7
522,-9.39,45.49,2024-01-17T09:39:54,10
523,24.4,42.26,2023-09-28T11:29:53,2
524,1.49,76.01,2023-10-11T19:31:11,4
525,-1.52,54.12,2023-07-09T11:16:24,9
526,29.38,12.85,2023-09-07T07:54:24,5
527,-3.32,61.49,2024-04-03T10:07:20,2
528,-3.48,35.9,2024-01-10T20:50:57,5
529,25.36,64.77,2024-04-14T18:48:23,7
530,30.06,58.33,2024-01-12T17:36:46,4
531,-15.1,44.64,2024-02-29T12:51:18,1
532,33.23,4.59,2023-10-16T00:01:41,5
533,29.91,51.02,2023-09-07T21:04:15,8
534,20.98,98.45,2024-03-28T02:44:43,4
535,-9.26,87.45,2024-01-28T01:00:28,1
536,1.7,63.61,2024-02-06T19:33:32,10
537,-17.58,76.56,2023-12-12T11:25:02,6
538,-10.98,76.55,2023-08-22T18:57:57,8
539,13.38,90.04,2023-06-12T01:28:29,3
540,-13.36,98.58,2023-06-11T02:13:47,10
541,30.13,45.86,2023-09-21T18:51:49,5
542,9.72,39.12,2023-04-23T14:11:57,6
543,3.28,82.74,2023-08-24T21:42:30,3
544,22.47,98.75,2024-01-31T06:13:46,10
545,5.54,18.02,2023-09-15T01:37,9
546,45.2,0.96,2024-03-13T04:58:12,8
547,-17.74,82.2,2023-09-11T07:37:01,2
548,-11.38,13.62,2023-06-27T07:39:25,5
549,-19.44,0.26,2023-06-16T05:15:25,10
550,36.52,26.35,2023-04-27T04:36:14,2
551,29.09,16.17,2023-05-25T03:44:17,3
552,-14.02,15.57,2023-07-26T10:30:09,1
553,8.96,80.16,2023-06-15T07:39:27,9
554,6.15,98.56,2024-01-06T15:21:26,9
555,-6.02,78.84,2023-11-06T15:53:43,2
556,10.73,84.86,2024-03-06T07:05:16,1
557,-13.54,88.8,2023-04-19T08:40:47,2
558,-19.06,99.69,2023-11-25T02:05:28,1
559,6.99,69.51,2024-01-08T04:07:17,2
560,-17.98,97.09,2023-11-15T03:58:03,8
561,40.05,88.66,2024-01-13T19:12:57,1
562,5.24,41.29,2024-04-14T16:10:27,3
563,17.52,29.35,2024-04-26T11:22:56,8
564,-11.75,38.79,2024-03-16T12:07:24,5
565,-9.65,35.7,2024-01-16T16:26:29,10
566,14.85,35.3,2024-01-17T11:05:49,8
567,12.16,33.41,2024-05-30T09:18:32,7
568,21.43,53.4,2023-12-02T17:20:57,2
569,45.87,70.35,2023-12-18T04:42:50,10
570,6.16,56.13,2023-04-11T10:50:52,8
571,42.19,2.42,2023-09-03T14:00:30,5
572,10.11,84.65,2023-05-31T15:18:16,4
573,34.45,5.19,2023-04-09T20:44:15,9
574,-1.66,33.72,2023-05-28T08:56:53,10
575,16.97,30.49,2023-12-13T04:29:44,1
576,16.45,98.49,2024-04-05T14:43:25,6
577,4.38,19.01,2023-10-13T11:58:24,1
578,-15.97,80.9,2023-12-21T10:41:15,2
579,36.27,71.12,2024-04-15T01:27:21,8
580,-7.43,2.73,2023-04-08T16:18:37,5
581,-18.2,74.83,2024-03-02T21:18:42,4
582,-17.09,59.89,2024-04-14T03:27:56,2
583,42.02,91.94,2024-02-07T18:28:04,6
584,35.66,79.42,2023-08-27T08:17:53,8
585,-2.05,70.04,2024-05-16T18:23:01,6
586,32.13,97.61,2023-08-19T18:18:29,4
587,-9.87,74.91,2024-02-16T05:34:10,9
588,5.6,95.21,2023-07-29T12:15:06,1
589,49.47,79.22,2023-09-03T02:36:41,7
590,11.69,89.51,2023-05-19T16:12:28,6
591,32.49,18.62,2023-11-18T00:19:50,6
592,44.9,56.59,2023-11-17T14:52:02,10
593,-4.26,1.39,2024-04-22T20:05:26,7
594,-16.05,49.03,2024-04-02T21:22:03,10
595,7.12,87.22,2023-08-21T05:28:31,4
596,19.22,66.17,2023-09-24T15:27:08,1
597,24.88,50.82,2023-11-16T02:45:44,9
598,7.89,84.15,2023-06-04T09:20:28,3
599,18.55,93.74,2023-07-04T03:10:12,10
600,4.71,87.23,2023-05-16T08:30:49,7
601,46.49,89.27,2023-09-06T00:19:34,9
602,-13.84,76.42,2023-08-28T06:15:37,9
603,42.23,14.7,2023-08-11T04:22:36,5
604,25.07,22.58,2024-02-27T06:09:10,2
605,23.09,21.86,2024-01-30T21:40:49,5
606,48.51,63.51,2023-11-04T10:58:22,7
607,-1.33,94.24,2024-05-23T11:16:56,6
608,3.79,27.19,2024-05-01T12:54:33,7
609,12.22,57.92,2024-03-31T13:25:12,5
610,47.75,52.79,2023-06-02T13:09:04,10
611,49.86,29.24,2024-01-16T14:20:09,2
612,21.21,94.93,2024-01-31T18:51:34,7
613,48.27,25.36,2024-05-17T17:52:17,2
614,39.46,79.75,2024-01-11T20:35:35,6
615,-17.85,26.04,2023-09-25T16:29:48,10
616,45.61,84.91,2023-10-04T08:28:35,1
617,37.73,16.09,2023-05-04T10:20:12,3
618,4.44,69.42,2023-12-25T02:22:52,6
619,-5.53,51.06,2023-07-11T21:04:25,2
620,3.6,73.52,2023-10-30T11:23:09,7
621,34.94,45.74,2023-12-19T07:14:34,4
622,45.91,31.42,2023-10-01T13:42:04,2
623,21.45,21.17,2024-03-11T17:49:30,3
624,21.51,69.72,2024-01-08T11:17:24,6
625,33.5,47.21,2024-03-13T14:39:50,3
626,-13.45,11.21,2023-07-16T15:38:37,5
627,-19.41,80.47,2023-11-01T17:32:23,2
628,45.34,69.36,2024-01-24T00:57:12,3
629,41.46,21.27,2024-02-26T09:23:05,10
630,35.13,0.68,2024-04-12T10:08:13,4
631,20.82,14.41,2023-07-23T19:25:12,4
632,7.76,27.58,2023-04-20T15:01:33,5
633,44.96,60.59,2024-03-30T11:34:40,10
634,-9.09,66.36,2024-05-17T21:10:54,4
635,-1.04,3.16,2024-01-07T07:14:16,3
636,48.02,46.25,2023-12-02T01:37:11,5
637,30.58,74.86,2023-04-22T19:42:25,3
638,18.14,47.6,2023-10-16T22:27:12,6
639,28.89,35.13,2023-08-23T19:27:38,5
640,-12.41,63.75,2024-02-29T08:57:15,1
641,35.45,46.45,2023-05-26T21:58:09,7
642,16.79,70.18,2023-12-18T04:35,7
643,28.91,45.18,2023-09-07T18:09:07,4
644,14.38,61.85,2024-03-24T17:01:47,4
645,41.04,14.49,2023-08-11T03:02:46,7
646,-6.14,63.0,2023-08-23T20:12:30,4
647,31.13,15.44,2024-04-12T00:40:39,1
648,-7.58,22.25,2023-10-24T08:30:43,9
649,23.14,98.01,2023-07-02T19:01:17,7
650,45.47,55.55,2023-10-25T02:39:51,7
651,9.85,36.59,2023-09-14T09:49:16,4
652,-4.95,32.38,2023-12-09T07:24:46,3
653,-8.64,85.26,2023-11-02T21:31:12,5
654,16.59,13.7,2024-02-23T05:28:08,9
655,26.58,24.47,2024-04-30T00:31:01,2
656,-5.83,74.41,2023-07-28T13:38:48,8
657,-1.06,71.19,2024-03-12T13:37:50,3
658,-0.19,93.51,2023-04-26T12:50:39,6
659,9.67,6.13,2023-06-14T16:08:44,5
660,-11.0,79.83,2024-03-06T00:03:52,4
661,0.91,51.17,2024-01-29T10:24:06,4
662,19.7,81.4,2024-01-23T07:26:53,8
663,46.35,37.13,2023-06-02T21:07:54,7
664,12.72,58.34,2023-10-08T05:32:18,7
665,43.06,48.87,2024-05-27T08:43:44,8
666,23.5,94.28,2024-01-26T15:12:39,6
667,4.17,4.43,2023-08-06T00:36:48,8
668,-16.34,55.17,2024-02-05T18:50:47,5
669,27.19,48.19,2024-04-28T08:18:03,4
670,7.38,53.67,2023-09-04T19:19:47,10
671,1.3,80.92,2024-02-27T09:35:21,1
672,14.4,76.16,2023-04-08T12:16:51,4
673,24.82,63.33,2023-12-21T11:19:41,3
674,46.22,93.77,2023-09-18T11:28:06,3
675,22.9,69.57,2024-02-25T19:23:22,4
676,22.31,16.49,2023-08-19T13:29:50,6
677,38.84,25.31,2023-12-01T21:43:54,10
678,10.16,64.26,2023-07-17T09:30:13,8
679,25.31,7.37,2023-12-25T00:23:17,10
680,22.05,39.45,2023-09-07T21:49:43,9
681,7.34,47.59,2023-05-09T11:32:29,7
682,16.48,91.53,2024-04-22T16:03:45,1
683,35.7,72.89,2024-02-10T14:12:09,8
684,34.04,39.63,2023-05-28T13:41:02,8
685,17.23,10.57,2023-12-13T18:35:52,8
686,21.11,98.71,2024-01-06T22:11:32,8
687,9.88,11.38,2023-04-13T06:41:25,6
688,-16.74,98.45,2023-12-09T13:35:27,7
689,8.38,11.01,2024-02-05T18:30:17,9
690,-7.27,99.72,2023-04-30T11:18:50,7
691,-13.38,92.26,2023-12-28T16:00:23,5
692,-9.27,50.57,2024-01-21T01:09:26,6
693,-14.94,69.85,2023-12-02T21:03:38,5
694,13.64,38.91,2023-04-02T08:29:26,5
695,21.96,53.47,2023-12-05T17:05:45,4
696,1.15,40.81,2024-03-23T12:32:23,10
697,13.2,53.95,2023-09-01T18:25:38,9
698,-19.78,68.64,2023-08-07T18:23:49,2
699,-3.05,81.9,2024-05-17T13:01:38,6
700,24.57,50.41,2024-05-11T02:23:06,3
701,-18.27,67.34,2024-02-08T22:53:06,1
702,23.95,76.61,2024-04-25T17:52,2
703,-10.45,3.79,2024-05-23T15:53:38,8
704,0.55,13.69,2023-04-17T01:51:34,8
705,-16.9,82.42,2023-09-27T04:17:29,5
706,12.14,65.31,2023-10-11T02:37:10,8
707,22.45,52.75,2023-04-19T05:21:22,5
708,21.04,18.98,2024-03-11T07:43:11,1
709,20.65,34.02,2023-06-25T15:23:24,9
710,-4.26,35.5,2024-05-25T10:46:19,1
711,49.0,24.7,2023-04-07T21:08:35,3
712,24.52,57.49,2023-05-07T16:53:31,10
713,29.78,71.85,2023-04-14T07:15:08,10
714,40.52,15.69,2024-01-30T14:57:54,5
715,9.18,48.68,2024-04-16T18:43:38,9
716,-16.73,15.93,2023-07-23T03:37:41,8
717,-4.83,73.54,2024-01-18T18:19:46,4
718,21.26,18.91,2024-03-08T19:57:06,3
719,10.54,19.59,2023-05-10T13:46:10,2
720,39.81,81.41,2024-02-24T10:31:43,2
721,-16.64,81.73,2023-12-21T11:23:49,6
722,44.68,41.22,2024-01-17T09:15:02,3
723,31.87,67.96,2024-01-05T07:23:38,10
724,-6.96,35.19,2023-07-09T16:42:09,6
725,6.65,6.75,2024-04-19T18:22:46,1
726,14.59,48.73,2023-11-09T16:52:50,10
727,39.49,29.35,2023-07-06T08:45:02,7
728,47.39,66.87,2023-04-25T02:18,6
729,25.72,45.28,2023-08-23T20:23:43,3
730,6.1,56.29,2023-11-01T07:07:29,4
731,-14.17,80.31,2023-11-28T05:49:54,1
732,-5.06,94.36,2023-12-14T21:47:09,2
733,42.64,94.92,2023-08-21T00:31,1
734,-14.11,84.23,2024-01-17T01:32:09,3
735,17.7,52.37,2023-04-25T09:15:29,5
736,4.38,88.83,2023-05-14T19:12:09,8
737,14.77,24.18,2023-06-15T02:40:14,9
738,12.51,53.47,2023-06-28T05:49:41,10
739,4.54,39.97,2023-09-13T14:38:55,5
740,2.01,26.08,2023-07-31T11:54:32,7
741,-0.77,86.71,2023-12-05T11:43:04,5
742,39.21,77.56,2023-05-29T19:36:33,4
743,27.44,74.13,2023-09-15T09:34:29,2
744,-0.18,53.85,2023-10-21T13:31:16,3
745,3.02,67.12,2023-08-03T03:32:01,3
746,-18.52,92.37,2023-12-27T20:32:55,6
747,-17.0,1.23,2023-04-12T21:33:03,7
748,-18.11,97.2,2023-09-18T01:03:37,7
749,28.79,67.1,2023-07-11T01:13:43,8
750,4.67,8.38,2024-03-22T16:12:50,3
751,30.63,68.5,2023-05-27T05:20:37,9
752,27.65,34.8,2023-10-30T16:29:58,7
753,27.02,92.37,2024-03-13T03:45:58,2
754,-6.14,31.56,2024-04-18T20:29:29,1
755,-14.7,33.98,2024-03-09T00:36:41,3
756,35.8,69.61,2023-04-11T09:15:47,8
757,-0.65,35.17,2023-12-16T05:16:10,2
758,-10.65,38.07,2024-05-03T10:07:32,4
759,47.37,24.52,2023-05-21T03:18:50,5
760,13.7,43.31,2024-05-14T06:31:06,9
761,-4.96,23.86,2023-06-16T21:28:23,6
762,19.02,20.99,2024-01-20T10:19:05,3
763,33.01,37.4,2024-03-04T13:55:08,1
764,39.36,16.49,2023-12-06T01:12:19,3
765,5.57,37.99,2023-10-12T03:58:54,4
766,-8.39,84.08,2024-02-24T07:41:31,10
767,33.78,74.05,2023-07-15T05:14:49,7
768,6.21,9.62,2024-05-13T09:10:52,3
769,40.57,19.03,2024-04-06T06:14:47,2
770,2.92,45.42,2023-12-20T14:36:22,6
771,32.13,72.9,2024-05-01T21:43:38,3
772,-2.01,19.79,2023-08-09T21:18:23,7
773,27.01,55.42,2023-04-09T21:48:10,5
774,-0.27,77.55,2023-09-02T12:30:23,2
775,33.7,82.64,2023-06-23T13:40:08,4
776,26.42,85.73,2023-06-01T17:23:31,6
777,10.08,50.38,2023-12-17T02:58:04,3
778,6.81,81.02,2023-05-20T21:51:02,8
779,14.76,95.69,2023-10-15T16:13:26,5
780,20.71,17.74,2024-05-30T02:10:23,6
781,33.67,24.48,2023-07-23T14:38:03,7
782,8.35,7.24,2024-01-25T19:37:22,9
783,3.16,70.47,2023-09-23T18:21:45,8
784,-7.29,48.63,2024-05-25T12:15:44,4
785,-18.11,60.62,2023-06-20T20:45:16,5
786,-10.2,80.97,2024-05-28T21:11:29,8
787,8.76,92.89,2024-05-21T11:46:55,2
788,-4.94,86.48,2024-01-31T06:53:13,1
789,-13.15,51.31,2023-07-04T16:34:22,5
790,16.09,30.01,2024-02-24T03:09:51,6
791,25.27,57.2,2023-12-30T02:53:28,2
792,30.15,62.73,2023-06-11T01:50:36,2
793,19.03,80.75,2024-02-19T13:46:51,2
794,19.66,9.31,2024-03-01T17:55:04,5
795,24.11,44.54,2024-02-20T11:29:23,9
796,48.53,66.45,2024-02-12T02:22:01,2
797,3.13,52.48,2024-03-12T18:58:53,1
798,14.4,87.87,2024-01-21T13:01:47,10
799,23.57,55.26,2024-02-29T00:38:22,1
800,35.35,64.22,2023-08-30T18:20:50,1
801,14.06,68.55,2023-12-06T09:01:28,6
802,-5.84,59.99,2023-06-12T16:07:39,8
803,-7.39,41.88,2024-05-31T17:54:27,9
804,18.88,34.88,2024-05-07T14:42:40,10
805,-19.89,23.63,2023-11-16T03:23:05,4
806,12.41,32.9,2023-12-23T08:37:30,9
807,16.56,30.0,2023-09-14T03:13:17,10
808,43.39,52.75,2023-11-14T13:51:25,4
809,-0.83,0.5,2023-05-14T00:35:17,4
810,12.28,79.43,2023-09-16T13:36:50,5
811,28.14,3.84,2024-04-02T07:36:40,2
812,38.22,83.07,2023-08-24T00:36:01,7
813,32.31,17.64,2023-10-06T19:03:48,2
814,2.51,68.99,2023-10-27T09:44:42,3
815,24.56,34.0,2023-04-08T12:48:04,3
816,23.5,69.16,2023-12-20T15:46:02,2
817,-10.81,76.47,2023-07-08T20:29:43,8
818,-3.55,10.85,2023-06-02T09:05:54,1
819,40.06,38.84,2023-04-16T06:57:49,1
820,16.18,69.49,2024-05-29T05:51:17,6
821,46.62,4.09,2024-03-21T05:32:45,2
822,4.93,31.16,2023-10-20T11:23:52,1
823,26.99,56.64,2023-04-20T01:18:47,8
824,32.02,51.46,2023-05-26T05:53:48,3
825,-14.99,87.86,2023-12-24T18:12:11,6
826,33.41,99.3,2023-10-22T10:31:41,4
827,40.51,62.79,2023-10-01T08:12:30,4
828,40.94,83.64,2024-05-01T16:51:41,6
829,19.64,72.88,2023-10-16T04:40:09,4
830,48.46,79.04,2023-12-27T09:56:02,2
831,16.53,80.25,2023-08-20T03:01:40,2
832,47.54,5.01,2024-01-29T17:23:24,10
833,-16.97,91.05,2023-06-25T09:52:41,9
834,-0.9,66.23,2024-05-16T20:30:42,2
835,-0.46,20.45,2024-02-07T05:33:32,8
836,-3.61,94.17,2023-12-02T22:19:58,3
837,3.32,97.69,2023-10-28T11:24:07,7
838,16.13,1.66,2024-03-08T16:53:49,8
839,36.99,53.41,2024-03-06T05:27:53,6
840,49.5,35.9,2023-08-03T21:08:19,6
841,12.99,83.08,2024-03-12T09:35:49,2
842,24.68,57.86,2023-05-14T13:48:15,5
843,-9.0,42.53,2024-01-30T17:14:57,10
844,13.92,78.42,2023-10-28T15:43:09,9
845,29.86,66.82,2023-06-20T19:41:14,4
846,5.07,77.46,2023-12-06T11:21:11,5
847,34.59,46.87,2024-01-14T15:19:45,1
848,-9.31,12.57,2023-07-09T18:42:58,10
849,30.22,41.7,2023-10-19T04:42:34,2
850,42.5,20.67,2023-09-21T09:54:24,4
851,18.6,54.82,2023-09-17T13:24:46,2
852,23.3,5.31,2023-05-07T08:31:01,4
853,30.52,73.53,2023-07-15T00:33:25,9
854,-19.84,54.37,2023-07-03T11:46:21,9
855,21.12,0.63,2024-03-28T10:45:07,6
856,11.79,83.32,2023-11-30T17:26:03,9
857,-17.68,33.6,2023-10-30T06:08:31,8
858,-0.89,49.29,2024-01-14T20:23:04,8
859,28.08,56.91,2023-10-30T06:30:40,6
860,-9.92,1.05,2024-03-15T17:33:58,6
861,49.51,91.86,2023-07-20T11:24:33,1
862,46.81,71.13,2024-01-05T19:24:40,1
863,2.8,2.96,2024-01-30T05:35:32,8
864,-3.62,17.69,2023-06-28T07:55:55,7
865,28.55,79.43,2024-03-09T07:16:44,5
866,31.4,62.32,2023-05-18T03:27:25,1
867,-3.47,89.94,2023-12-11T19:26:23,10
868,23.43,39.43,2023-11-02T07:40:35,6
869,33.46,9.95,2023-12-31T21:52:42,7
870,-13.7,50.33,2023-09-29T19:12:34,10
871,16.94,6.27,2023-08-31T09:06:05,3
872,47.34,9.44,2024-03-23T09:23:32,9
873,-14.33,79.94,2023-11-15T00:03:30,10
874,32.58,53.12,2023-05-19T01:00:38,1
875,-5.29,99.71,2024-04-19T10:40:25,7
876,-5.6,92.79,2024-02-02T12:18:20,10
877,31.82,56.96,2023-05-24T10:33:23,8
878,7.64,22.27,2023-11-06T08:28:42,10
879,3.93,45.46,2024-04-02T09:17:18,7
880,18.78,52.19,2023-12-13T01:22:41,8
881,-19.92,96.42,2023-08-04T20:48:15,6
882,16.33,88.79,2023-08-06T22:54:32,6
883,46.69,25.72,2024-03-09T02:07:26,4
884,46.75,89.81,2023-12-16T09:24:55,4
885,49.92,41.5,2023-08-16T05:02:25,4
886,7.76,76.46,2023-09-03T09:18:08,8
887,-5.79,34.27,2024-03-13T16:01:06,6
888,24.95,45.76,2024-03-29T07:47:38,3
889,4.82,0.77,2023-07-04T22:27:40,3
890,4.46,27.51,2023-04-17T06:35:27,6
891,-14.43,93.21,2023-10-03T17:18:11,2
892,25.58,57.54,2024-01-14T08:16:14,6
893,-15.74,71.82,2023-04-20T04:43:35,4
894,-8.97,90.17,2023-10-12T12:44:56,8
895,-4.13,98.95,2023-07-23T01:29:27,4
896,-12.84,60.44,2024-03-29T04:29:46,7
897,-8.02,60.81,2023-10-04T10:14:57,3
898,40.81,75.7,2024-01-10T17:47:53,6
899,2.7,62.91,2023-08-19T12:29:07,2
900,1.38,99.93,2024-05-22T14:57:11,8
901,32.17,90.33,2023-12-31T08:56:43,4
902,48.3,11.82,2023-11-11T01:00:47,2
903,26.51,28.07,2024-01-18T11:32:09,1
904,30.29,8.69,2023-10-26T14:28:26,5
905,4.29,98.82,2023-09-11T10:08:20,6
906,5.86,85.77,2023-10-12T13:25:20,9
907,-13.82,78.54,2023-10-16T18:21:03,3
908,-17.8,12.27,2024-01-18T15:16:35,3
909,31.46,50.32,2024-03-08T19:19:04,3
910,12.29,24.96,2024-03-18T15:22:13,9
911,-14.34,55.15,2024-05-21T18:05:58,9
912,-19.89,89.49,2023-09-15T21:45:21,10
913,-0.69,58.93,2023-09-21T05:51:32,10
914,20.3,35.75,2023-12-08T22:49:18,6
915,6.09,19.79,2023-08-16T16:37:07,4
916,-12.03,92.45,2023-06-19T17:44:44,6
917,35.31,63.01,2023-08-30T03:39:19,9
918,-19.1,84.44,2024-03-04T11:37:35,7
919,-8.83,68.66,2024-01-23T00:42:05,4
920,18.25,86.35,2023-07-31T08:30:04,9
921,18.14,93.9,2023-10-26T00:41:52,8
922,-1.12,96.21,2023-05-01T18:30:52,6
923,27.63,34.0,2023-07-02T14:46:30,10
924,-12.73,1.35,2023-06-13T11:50:09,3
925,47.09,79.05,2023-07-08T12:39:13,8
926,17.98,12.81,2023-11-08T14:02:25,10
927,33.62,60.03,2023-06-18T13:00:32,2
928,30.51,6.81,2023-04-22T02:43:32,10
929,40.25,34.59,2023-11-09T21:44:58,8
930,-7.63,88.05,2023-06-13T13:39:02,8
931,-8.31,44.74,2024-05-04T06:37:12,3
932,-4.29,76.25,2023-04-29T09:32:29,1
933,45.51,2.42,2024-05-16T09:10:03,1
934,10.55,44.09,2023-08-27T10:07:56,3
935,21.2,59.96,2024-05-17T21:14:07,4
936,15.88,92.98,2024-02-14T14:39:42,9
937,36.24,30.13,2023-11-26T09:24:29,7
938,39.41,48.18,2024-02-28T04:44:15,5
939,8.18,33.89,2024-03-26T05:29:49,3
940,46.56,98.8,2024-04-18T11:51:17,4
941,-9.29,76.57,2024-01-14T07:54:04,1
942,6.18,65.46,2024-04-08T07:00:22,3
943,39.42,95.98,2024-01-16T02:35:57,1
944,26.17,62.0,2023-04-28T05:03:34,6
945,37.95,43.66,2024-01-24T06:06:05,10
946,32.68,85.96,2024-05-06T11:58:56,10
947,26.3,30.17,2024-03-21T16:04:34,8
948,4.38,24.87,2023-04-24T09:00:16,10
949,49.7,24.17,2023-11-22T06:44:51,1
950,49.87,45.97,2023-10-01T14:58:27,7
951,23.39,40.43,2023-12-19T00:50:35,2
952,-10.22,1.03,2024-01-15T03:21:21,2
953,-13.09,68.67,2023-05-17T19:34:46,7
954,8.67,35.86,2023-09-24T18:30:55,3
955,-11.75,73.74,2023-04-05T01:30:34,6
956,32.09,64.4,2023-04-24T05:14:44,1
957,15.63,92.36,2023-07-01T18:08:22,6
958,40.41,8.03,2023-11-11T06:29:52,7
959,27.52,41.3,2024-03-27T11:17:30,7
960,-6.76,52.43,2023-06-16T13:53:32,9
961,2.52,99.22,2023-11-30T03:13:23,8
962,47.76,50.48,2023-10-05T04:41:21,8
963,-0.93,31.8,2024-03-16T15:02:12,2
964,-8.52,77.82,2023-05-04T01:44:24,2
965,-15.13,54.46,2024-02-18T07:06:35,3
966,26.86,2.65,2024-05-21T15:44:46,4
967,8.79,86.94,2023-08-07T00:31:11,5
968,28.47,87.13,2023-05-22T12:43:53,2
969,43.61,47.39,2023-08-31T14:24:27,3
970,14.68,31.45,2024-03-04T22:46:53,10
971,-12.69,29.04,2024-03-13T13:22:15,5
972,43.5,66.38,2024-04-27T09:54:10,9
973,-12.48,9.56,2024-01-03T03:01:32,10
974,14.39,36.38,2024-05-31T06:32:36,9
975,25.91,75.76,2024-03-19T08:02:24,8
976,22.39,61.94,2023-05-03T11:06:03,5
977,20.94,58.28,2023-12-28T13:33:07,1
978,15.57,98.18,2023-05-25T00:40:52,6
979,-15.05,45.52,2024-02-03T16:31:57,7
980,-11.29,11.54,2024-03-16T11:49:29,8
981,46.94,74.35,2023-10-09T05:02:05,4
982,46.97,52.75,2024-05-15T08:19:51,3
983,26.65,55.84,2024-03-08T19:44:05,2
984,-7.51,94.25,2023-11-01T22:24:49,4
985,14.65,6.31,2024-01-12T09:39:47,1
986,46.29,97.86,2024-01-03T07:51:47,1
987,24.95,98.2,2023-07-27T01:49:17,2
988,5.92,53.83,2024-03-29T04:04:37,5
989,4.87,36.03,2024-05-18T01:49:23,9
990,12.89,51.85,2024-04-06T20:14:24,4
991,-7.32,88.52,2024-01-03T17:18:07,1
992,38.57,92.07,2024-01-28T16:42:32,5
993,-17.45,11.89,2024-01-11T22:18:31,1
994,0.9,10.75,2023-09-15T13:32:14,8
995,29.18,8.99,2023-07-28T22:31:53,1
996,-13.73,63.64,2024-03-09T04:51:08,7
997,-19.8,55.63,2024-05-21T04:06:15,8
998,25.32,97.46,2023-12-27T03:44:33,7
999,15.99,66.59,2024-05-02T20:28:47,2
1000,45.4,21.74,2024-02-19T22:13:17,3